{
    "name": "Unholy Underpass",
    "properties": {
      "friction": 0.75,
      "background_color": [
        130,
        39,
        65,
        150
      ]
    },
    "areas": [
      {
        "x": "var x",
        "y": "var y",
        "zones": [
          {
            "type": "teleport",
            "x": 0,
            "y": 0,
            "width": 288,
            "height": 64,
            "translate": {
              "x": 0,
              "y": 149752
            }
          },
          {
            "type": "teleport",
            "x": 0,
            "y": 416,
            "width": 288,
            "height": 64,
            "translate": {
              "x": 0,
              "y": 1120
            },
            "properties": null
          },
          {
            "type": "safe",
            "x": 0,
            "y": 64,
            "width": 288,
            "height": 352,
            "properties": {
              "minimum_speed": 300
            }
          },
          {
            "type": "active",
            "x": "last_right",
            "y": 0,
            "width": 1280,
            "height": 480,
            "spawner": [
              {
                "count": 15,
                "radius": 18,
                "speed": 60,
                "types": [
                  "wavering"
                ]
              }
            ]
          },
          {
            "height": "last_height",
            "type": "safe",
            "width": 256,
            "x": "last_right",
            "y": 0
          },
          {
            "height": "last_height",
            "translate": {
              "x": 160,
              "y": 0
            },
            "type": "exit",
            "width": 64,
            "x": "last_right",
            "y": 0
          }
        ]
      },
      {
        "x": "last_right",
        "y": "last_y",
        "zones": [
          {
            "height": 480,
            "translate": {
              "x": -160,
              "y": 0
            },
            "type": "exit",
            "width": 64,
            "x": 0,
            "y": 0
          },
          {
            "height": "last_height",
            "type": "safe",
            "width": 256,
            "x": "last_right",
            "y": 0
          },
          {
            "height": "last_height",
            "spawner": [
              {
                "count": 85,
                "radius": 18,
                "speed": 180,
                "types": [
                  "cursed"
                ]
              }
            ],
            "type": "active",
            "width": 2560,
            "x": "last_right",
            "y": 0
          },
          {
            "height": "last_height",
            "type": "safe",
            "width": 256,
            "x": "last_right",
            "y": 0
          },
          {
            "height": "last_height",
            "translate": {
              "x": 160,
              "y": 0
            },
            "type": "exit",
            "width": 64,
            "x": "last_right",
            "y": 0
          }
        ]
      },
      {
        "x": "last_right",
        "y": "last_y",
        "zones": [
          {
            "height": 480,
            "translate": {
              "x": -160,
              "y": 0
            },
            "type": "exit",
            "width": 64,
            "x": 0,
            "y": 0
          },
          {
            "height": "last_height",
            "type": "safe",
            "width": 256,
            "x": "last_right",
            "y": 0
          },
          {
            "height": "last_height",
            "spawner": [
              {
                "count": 85,
                "radius": 18,
                "speed": 180,
                "types": [
                  "cursed",
                  "immune"
                ]
              },
              {
                "count": 16,
                "radius": 30,
                "speed": 240,
                "types": [
                  "wall"
                ]
              }
            ],
            "type": "active",
            "width": 2560,
            "x": "last_right",
            "y": 0
          },
          {
            "height": "last_height",
            "type": "safe",
            "width": 256,
            "x": "last_right",
            "y": 0
          },
          {
            "height": "last_height",
            "translate": {
              "x": 160,
              "y": 0
            },
            "type": "exit",
            "width": 64,
            "x": "last_right",
            "y": 0
          }
        ]
      },
      {
        "x": "last_right",
        "y": "last_y",
        "zones": [
          {
            "height": 480,
            "translate": {
              "x": -160,
              "y": 0
            },
            "type": "exit",
            "width": 64,
            "x": 0,
            "y": 0
          },
          {
            "height": "last_height",
            "type": "safe",
            "width": 256,
            "x": "last_right",
            "y": 0
          },
          {
            "height": "last_height",
            "spawner": [
              {
                "count": 26,
                "radius": 18,
                "speed": 180,
                "types": [
                  "cursed",
                  "immune"
                ]
              },
              {
                "count": 51,
                "radius": 14,
                "speed": 240,
                "types": [
                  "cursed",
                  "immune"
                ]
              },
              {
                "count": 13,
                "radius": 24,
                "speed": 180,
                "types": [
                  "cursed",
                  "immune"
                ]
              },
              {
                "count": 16,
                "radius": 30,
                "speed": 240,
                "types": [
                  "wall"
                ]
              }
            ],
            "type": "active",
            "width": 2560,
            "x": "last_right",
            "y": 0
          },
          {
            "height": "last_height",
            "type": "safe",
            "width": 256,
            "x": "last_right",
            "y": 0
          },
          {
            "height": "last_height",
            "translate": {
              "x": 160,
              "y": 0
            },
            "type": "exit",
            "width": 64,
            "x": "last_right",
            "y": 0
          }
        ]
      },
      {
        "x": "last_right",
        "y": "last_y",
        "zones": [
          {
            "height": 480,
            "translate": {
              "x": -160,
              "y": 0
            },
            "type": "exit",
            "width": 64,
            "x": 0,
            "y": 0
          },
          {
            "height": "last_height",
            "type": "safe",
            "width": 256,
            "x": "last_right",
            "y": 0
          },
          {
            "height": "last_height",
            "spawner": [
              {
                "count": 26,
                "radius": 30,
                "speed": 180,
                "types": [
                  "cursed",
                  "immune"
                ]
              },
              {
                "count": 43,
                "radius": 10,
                "speed": 240,
                "types": [
                  "cursed",
                  "immune"
                ]
              },
              {
                "count": 13,
                "radius": 12,
                "speed": 120,
                "types": [
                  "slowing"
                ]
              },
              {
                "count": 16,
                "radius": 30,
                "speed": 240,
                "types": [
                  "wall"
                ]
              }
            ],
            "type": "active",
            "width": 2560,
            "x": "last_right",
            "y": 0
          },
          {
            "height": "last_height",
            "type": "safe",
            "width": 256,
            "x": "last_right",
            "y": 0
          },
          {
            "height": "last_height",
            "translate": {
              "x": 160,
              "y": 0
            },
            "type": "exit",
            "width": 64,
            "x": "last_right",
            "y": 0
          }
        ]
      },
      {
        "x": "last_right",
        "y": "last_y",
        "zones": [
          {
            "height": 480,
            "translate": {
              "x": -160,
              "y": 0
            },
            "type": "exit",
            "width": 64,
            "x": 0,
            "y": 0
          },
          {
            "height": "last_height",
            "type": "safe",
            "width": 256,
            "x": "last_right",
            "y": 0
          },
          {
            "height": "last_height",
            "spawner": [
              {
                "count": 75,
                "radius": 30,
                "speed": 180,
                "types": [
                  "cursed",
                  "immune"
                ]
              },
              {
                "count": 16,
                "radius": 30,
                "speed": 240,
                "types": [
                  "wall"
                ]
              }
            ],
            "type": "active",
            "width": 2560,
            "x": "last_right",
            "y": 0
          },
          {
            "height": "last_height",
            "type": "safe",
            "width": 256,
            "x": "last_right",
            "y": 0
          },
          {
            "height": "last_height",
            "translate": {
              "x": 160,
              "y": 0
            },
            "type": "exit",
            "width": 64,
            "x": "last_right",
            "y": 0
          }
        ]
      },
      {
        "x": "last_right",
        "y": "last_y",
        "zones": [
          {
            "height": 480,
            "translate": {
              "x": -160,
              "y": 0
            },
            "type": "exit",
            "width": 64,
            "x": 0,
            "y": 0
          },
          {
            "height": "last_height",
            "type": "safe",
            "width": 256,
            "x": "last_right",
            "y": 0
          },
          {
            "height": "last_height",
            "spawner": [
              {
                "count": 85,
                "radius": 12,
                "speed": 120,
                "types": [
                  "cursed",
                  "immune"
                ]
              },
              {
                "count": 22,
                "radius": 15,
                "speed": 180,
                "types": [
                  "cursed",
                  "immune"
                ]
              },
              {
                "count": 17,
                "radius": 18,
                "speed": 240,
                "types": [
                  "cursed",
                  "immune"
                ]
              },
              {
                "count": 7,
                "radius": 12,
                "speed": 180,
                "types": [
                  "slowing"
                ]
              },
              {
                "count": 7,
                "radius": 24,
                "speed": 240,
                "types": [
                  "cursed",
                  "immune"
                ]
              },
              {
                "count": 16,
                "radius": 30,
                "speed": 240,
                "types": [
                  "wall"
                ]
              }
            ],
            "type": "active",
            "width": 2560,
            "x": "last_right",
            "y": 0
          },
          {
            "height": "last_height",
            "type": "safe",
            "width": 256,
            "x": "last_right",
            "y": 0
          },
          {
            "height": "last_height",
            "translate": {
              "x": 160,
              "y": 0
            },
            "type": "exit",
            "width": 64,
            "x": "last_right",
            "y": 0
          }
        ]
      },
      {
        "x": "last_right",
        "y": "last_y",
        "zones": [
          {
            "height": 480,
            "translate": {
              "x": -160,
              "y": 0
            },
            "type": "exit",
            "width": 64,
            "x": 0,
            "y": 0
          },
          {
            "height": "last_height",
            "type": "safe",
            "width": 256,
            "x": "last_right",
            "y": 0
          },
          {
            "height": "last_height",
            "spawner": [
              {
                "count": 28,
                "radius": 12,
                "speed": 300,
                "types": [
                  "cursed",
                  "immune"
                ]
              },
              {
                "count": 17,
                "radius": 18,
                "speed": 240,
                "types": [
                  "cursed",
                  "immune"
                ]
              },
              {
                "count": 14,
                "radius": 24,
                "speed": 180,
                "types": [
                  "cursed",
                  "immune"
                ]
              },
              {
                "count": 11,
                "radius": 60,
                "speed": 60,
                "types": [
                  "cursed",
                  "immune"
                ]
              },
              {
                "count": 16,
                "radius": 30,
                "speed": 240,
                "types": [
                  "wall"
                ]
              }
            ],
            "type": "active",
            "width": 2560,
            "x": "last_right",
            "y": 0
          },
          {
            "height": "last_height",
            "type": "safe",
            "width": 256,
            "x": "last_right",
            "y": 0
          },
          {
            "height": "last_height",
            "translate": {
              "x": 160,
              "y": 0
            },
            "type": "exit",
            "width": 64,
            "x": "last_right",
            "y": 0
          }
        ]
      },
      {
        "x": "last_right",
        "y": "last_y",
        "zones": [
          {
            "height": 480,
            "translate": {
              "x": -160,
              "y": 0
            },
            "type": "exit",
            "width": 64,
            "x": 0,
            "y": 0
          },
          {
            "height": "last_height",
            "type": "safe",
            "width": 256,
            "x": "last_right",
            "y": 0
          },
          {
            "height": "last_height",
            "spawner": [
              {
                "count": 60,
                "radius": 18,
                "speed": 360,
                "types": [
                  "cursed",
                  "immune"
                ]
              },
              {
                "count": 16,
                "radius": 30,
                "speed": 240,
                "types": [
                  "wall"
                ]
              }
            ],
            "type": "active",
            "width": 2560,
            "x": "last_right",
            "y": 0
          },
          {
            "height": "last_height",
            "type": "safe",
            "width": 256,
            "x": "last_right",
            "y": 0
          },
          {
            "height": "last_height",
            "translate": {
              "x": 160,
              "y": 0
            },
            "type": "exit",
            "width": 64,
            "x": "last_right",
            "y": 0
          }
        ]
      },
      {
        "x": "last_right",
        "y": "last_y",
        "boss": true,
        "zones": [
          {
            "height": 480,
            "translate": {
              "x": -160,
              "y": 0
            },
            "type": "exit",
            "width": 64,
            "x": 0,
            "y": 0
          },
          {
            "height": "last_height",
            "type": "safe",
            "width": 256,
            "x": "last_right",
            "y": 0
          },
          {
            "height": "last_height",
            "spawner": [
              {
                "count": 94,
                "radius": 18,
                "speed": 240,
                "types": [
                  "cursed",
                  "immune"
                ]
              },
              {
                "count": 6,
                "radius": 12,
                "speed": 240,
                "types": [
                  "draining",
                  "slowing"
                ]
              },
              {
                "count": 5,
                "radius": 80,
                "speed": 120,
                "types": [
                  "cursed"
                ]
              },
              {
                "count": 16,
                "radius": 30,
                "speed": 240,
                "types": [
                  "wall"
                ]
              }
            ],
            "type": "active",
            "width": 2560,
            "x": "last_right",
            "y": 0
          },
          {
            "height": "last_height",
            "type": "safe",
            "width": 256,
            "x": "last_right",
            "y": 0
          },
          {
            "height": "last_height",
            "translate": {
              "x": 160,
              "y": 0
            },
            "type": "exit",
            "width": 64,
            "x": "last_right",
            "y": 0
          }
        ]
      },
      {
        "x": "last_right",
        "y": "last_y",
        "zones": [
          {
            "height": 480,
            "translate": {
              "x": -160,
              "y": 0
            },
            "type": "exit",
            "width": 64,
            "x": 0,
            "y": 0
          },
          {
            "height": "last_height",
            "type": "safe",
            "width": 256,
            "x": "last_right",
            "y": 0
          },
          {
            "height": "last_height",
            "spawner": [
              {
                "count": 22,
                "radius": 18,
                "min_speed": 270,
                "max_speed": 450,
                "types": [
                  "wavering"
                ],
                "speed": null
              },
              {
                "count": 10,
                "radius": 18,
                "speed": 240,
                "types": [
                  "cursed"
                ]
              },
              {
                "count": 16,
                "radius": 40,
                "speed": 300,
                "types": [
                  "wall"
                ]
              }
            ],
            "type": "active",
            "width": 2560,
            "x": "last_right",
            "y": 0
          },
          {
            "height": "last_height",
            "type": "safe",
            "width": 256,
            "x": "last_right",
            "y": 0
          },
          {
            "height": "last_height",
            "translate": {
              "x": 160,
              "y": 0
            },
            "type": "exit",
            "width": 64,
            "x": "last_right",
            "y": 0
          }
        ]
      },
      {
        "x": "last_right",
        "y": "last_y",
        "zones": [
          {
            "height": 480,
            "translate": {
              "x": -160,
              "y": 0
            },
            "type": "exit",
            "width": 64,
            "x": 0,
            "y": 0
          },
          {
            "height": "last_height",
            "type": "safe",
            "width": 256,
            "x": "last_right",
            "y": 0
          },
          {
            "height": "last_height",
            "spawner": [
              {
                "count": 50,
                "radius": 15,
                "min_speed": 180,
                "max_speed": 330,
                "types": [
                  "wavering"
                ],
                "speed": null
              },
              {
                "count": 20,
                "radius": 18,
                "speed": 240,
                "types": [
                  "cursed"
                ]
              },
              {
                "count": 16,
                "radius": 40,
                "speed": 300,
                "types": [
                  "wall"
                ]
              }
            ],
            "type": "active",
            "width": 2560,
            "x": "last_right",
            "y": 0
          },
          {
            "height": "last_height",
            "type": "safe",
            "width": 256,
            "x": "last_right",
            "y": 0
          },
          {
            "height": "last_height",
            "translate": {
              "x": 160,
              "y": 0
            },
            "type": "exit",
            "width": 64,
            "x": "last_right",
            "y": 0
          }
        ]
      },
      {
        "x": "last_right",
        "y": "last_y",
        "zones": [
          {
            "height": 480,
            "translate": {
              "x": -160,
              "y": 0
            },
            "type": "exit",
            "width": 64,
            "x": 0,
            "y": 0
          },
          {
            "height": "last_height",
            "type": "safe",
            "width": 256,
            "x": "last_right",
            "y": 0
          },
          {
            "height": "last_height",
            "spawner": [
              {
                "count": 33,
                "radius": 15,
                "min_speed": 30,
                "max_speed": 450,
                "types": [
                  "wavering"
                ],
                "speed": null
              },
              {
                "count": 8,
                "radius": 30,
                "min_speed": 30,
                "max_speed": 450,
                "types": [
                  "wavering"
                ],
                "speed": null
              },
              {
                "count": 24,
                "radius": 18,
                "speed": 300,
                "types": [
                  "cursed"
                ]
              },
              {
                "count": 16,
                "radius": 40,
                "speed": 300,
                "types": [
                  "wall"
                ]
              }
            ],
            "type": "active",
            "width": 2560,
            "x": "last_right",
            "y": 0
          },
          {
            "height": "last_height",
            "type": "safe",
            "width": 256,
            "x": "last_right",
            "y": 0
          },
          {
            "height": "last_height",
            "translate": {
              "x": 160,
              "y": 0
            },
            "type": "exit",
            "width": 64,
            "x": "last_right",
            "y": 0
          }
        ]
      },
      {
        "x": "last_right",
        "y": "last_y",
        "zones": [
          {
            "height": 480,
            "translate": {
              "x": -160,
              "y": 0
            },
            "type": "exit",
            "width": 64,
            "x": 0,
            "y": 0
          },
          {
            "height": "last_height",
            "type": "safe",
            "width": 256,
            "x": "last_right",
            "y": 0
          },
          {
            "height": "last_height",
            "spawner": [
              {
                "count": 45,
                "radius": 18,
                "speed": 240,
                "types": [
                  "cursed"
                ]
              },
              {
                "count": 13,
                "radius": 12,
                "speed": 300,
                "types": [
                  "slowing",
                  "cursed",
                  "cursed"
                ]
              },
              {
                "count": 10,
                "radius": 15,
                "min_speed": 300,
                "max_speed": 450,
                "types": [
                  "wavering"
                ],
                "speed": null
              },
              {
                "count": 16,
                "radius": 40,
                "speed": 300,
                "types": [
                  "wall"
                ]
              }
            ],
            "type": "active",
            "width": 2560,
            "x": "last_right",
            "y": 0
          },
          {
            "height": "last_height",
            "type": "safe",
            "width": 256,
            "x": "last_right",
            "y": 0
          },
          {
            "height": "last_height",
            "translate": {
              "x": 160,
              "y": 0
            },
            "type": "exit",
            "width": 64,
            "x": "last_right",
            "y": 0
          }
        ]
      },
      {
        "x": "last_right",
        "y": "last_y",
        "zones": [
          {
            "height": 480,
            "translate": {
              "x": -160,
              "y": 0
            },
            "type": "exit",
            "width": 64,
            "x": 0,
            "y": 0
          },
          {
            "height": "last_height",
            "type": "safe",
            "width": 256,
            "x": "last_right",
            "y": 0
          },
          {
            "height": "last_height",
            "spawner": [
              {
                "count": 45,
                "radius": 18,
                "speed": 240,
                "types": [
                  "cursed"
                ]
              },
              {
                "count": 4,
                "radius": 40,
                "speed": 60,
                "types": [
                  "cursed"
                ]
              },
              {
                "count": 13,
                "radius": 24,
                "speed": 300,
                "types": [
                  "cursed"
                ]
              },
              {
                "count": 13,
                "radius": 15,
                "min_speed": 300,
                "max_speed": 450,
                "types": [
                  "wavering"
                ],
                "speed": null
              },
              {
                "count": 16,
                "radius": 40,
                "speed": 300,
                "types": [
                  "wall"
                ]
              }
            ],
            "type": "active",
            "width": 2560,
            "x": "last_right",
            "y": 0
          },
          {
            "height": "last_height",
            "type": "safe",
            "width": 256,
            "x": "last_right",
            "y": 0
          },
          {
            "height": "last_height",
            "translate": {
              "x": 160,
              "y": 0
            },
            "type": "exit",
            "width": 64,
            "x": "last_right",
            "y": 0
          }
        ]
      },
      {
        "x": "last_right",
        "y": "last_y",
        "zones": [
          {
            "height": 480,
            "translate": {
              "x": -160,
              "y": 0
            },
            "type": "exit",
            "width": 64,
            "x": 0,
            "y": 0
          },
          {
            "height": "last_height",
            "type": "safe",
            "width": 256,
            "x": "last_right",
            "y": 0
          },
          {
            "height": "last_height",
            "spawner": [
              {
                "count": 20,
                "radius": 30,
                "speed": 180,
                "types": [
                  "cursed"
                ]
              },
              {
                "count": 15,
                "radius": 18,
                "speed": 300,
                "types": [
                  "cursed"
                ]
              },
              {
                "count": 20,
                "radius": 24,
                "speed": 240,
                "types": [
                  "cursed"
                ]
              },
              {
                "count": 4,
                "radius": 12,
                "speed": 240,
                "types": [
                  "slowing",
                  "draining"
                ]
              },
              {
                "count": 11,
                "radius": 15,
                "min_speed": 300,
                "max_speed": 420,
                "types": [
                  "wavering"
                ],
                "speed": null
              },
              {
                "count": 6,
                "radius": 40,
                "speed": 60,
                "types": [
                  "cursed"
                ]
              },
              {
                "count": 16,
                "radius": 40,
                "speed": 300,
                "types": [
                  "wall"
                ]
              }
            ],
            "type": "active",
            "width": 2560,
            "x": "last_right",
            "y": 0
          },
          {
            "height": "last_height",
            "type": "safe",
            "width": 256,
            "x": "last_right",
            "y": 0
          },
          {
            "height": "last_height",
            "translate": {
              "x": 160,
              "y": 0
            },
            "type": "exit",
            "width": 64,
            "x": "last_right",
            "y": 0
          }
        ]
      },
      {
        "x": "last_right",
        "y": "last_y",
        "zones": [
          {
            "height": 480,
            "translate": {
              "x": -160,
              "y": 0
            },
            "type": "exit",
            "width": 64,
            "x": 0,
            "y": 0
          },
          {
            "height": "last_height",
            "type": "safe",
            "width": 256,
            "x": "last_right",
            "y": 0
          },
          {
            "height": "last_height",
            "spawner": [
              {
                "count": 25,
                "radius": 18,
                "speed": 180,
                "types": [
                  "cursed"
                ]
              },
              {
                "count": 35,
                "radius": 15,
                "min_speed": 300,
                "max_speed": 510,
                "types": [
                  "wavering"
                ],
                "speed": null
              },
              {
                "count": 5,
                "radius": 40,
                "speed": 60,
                "types": [
                  "cursed"
                ]
              },
              {
                "count": 16,
                "radius": 40,
                "speed": 300,
                "types": [
                  "wall"
                ]
              }
            ],
            "type": "active",
            "width": 2560,
            "x": "last_right",
            "y": 0
          },
          {
            "height": "last_height",
            "type": "safe",
            "width": 256,
            "x": "last_right",
            "y": 0
          },
          {
            "height": "last_height",
            "translate": {
              "x": 160,
              "y": 0
            },
            "type": "exit",
            "width": 64,
            "x": "last_right",
            "y": 0
          }
        ]
      },
      {
        "x": "last_right",
        "y": "last_y",
        "zones": [
          {
            "height": 480,
            "translate": {
              "x": -160,
              "y": 0
            },
            "type": "exit",
            "width": 64,
            "x": 0,
            "y": 0
          },
          {
            "height": "last_height",
            "type": "safe",
            "width": 256,
            "x": "last_right",
            "y": 0
          },
          {
            "height": "last_height",
            "spawner": [
              {
                "count": 11,
                "radius": 18,
                "speed": 180,
                "types": [
                  "cursed"
                ]
              },
              {
                "count": 11,
                "radius": 15,
                "min_speed": 450,
                "max_speed": 510,
                "types": [
                  "wavering"
                ],
                "speed": null
              },
              {
                "count": 11,
                "radius": 30,
                "min_speed": 300,
                "max_speed": 390,
                "types": [
                  "wavering"
                ],
                "speed": null
              },
              {
                "count": 11,
                "radius": 45,
                "min_speed": 150,
                "max_speed": 210,
                "types": [
                  "wavering"
                ],
                "speed": null
              },
              {
                "count": 3,
                "radius": 40,
                "speed": 60,
                "types": [
                  "cursed"
                ]
              },
              {
                "count": 16,
                "radius": 40,
                "speed": 300,
                "types": [
                  "wall"
                ]
              }
            ],
            "type": "active",
            "width": 2560,
            "x": "last_right",
            "y": 0
          },
          {
            "height": "last_height",
            "type": "safe",
            "width": 256,
            "x": "last_right",
            "y": 0
          },
          {
            "height": "last_height",
            "translate": {
              "x": 160,
              "y": 0
            },
            "type": "exit",
            "width": 64,
            "x": "last_right",
            "y": 0
          }
        ]
      },
      {
        "x": "last_right",
        "y": "last_y",
        "zones": [
          {
            "height": 480,
            "translate": {
              "x": -160,
              "y": 0
            },
            "type": "exit",
            "width": 64,
            "x": 0,
            "y": 0
          },
          {
            "height": "last_height",
            "type": "safe",
            "width": 256,
            "x": "last_right",
            "y": 0
          },
          {
            "height": "last_height",
            "spawner": [
              {
                "count": 55,
                "radius": 45,
                "min_speed": 30,
                "max_speed": 180,
                "types": [
                  "wavering"
                ],
                "speed": null
              },
              {
                "count": 2,
                "radius": 12,
                "speed": 180,
                "types": [
                  "cursed",
                  "slowing"
                ]
              },
              {
                "count": 3,
                "radius": 40,
                "speed": 60,
                "types": [
                  "cursed"
                ]
              },
              {
                "count": 16,
                "radius": 40,
                "speed": 300,
                "types": [
                  "wall"
                ]
              }
            ],
            "type": "active",
            "width": 2560,
            "x": "last_right",
            "y": 0
          },
          {
            "height": "last_height",
            "type": "safe",
            "width": 256,
            "x": "last_right",
            "y": 0
          },
          {
            "height": "last_height",
            "translate": {
              "x": 160,
              "y": 0
            },
            "type": "exit",
            "width": 64,
            "x": "last_right",
            "y": 0
          }
        ]
      },
      {
        "x": "last_right",
        "y": "last_y",
        "boss": true,
        "zones": [
          {
            "height": 480,
            "translate": {
              "x": -160,
              "y": 0
            },
            "type": "exit",
            "width": 64,
            "x": 0,
            "y": 0
          },
          {
            "height": "last_height",
            "type": "safe",
            "width": 256,
            "x": "last_right",
            "y": 0
          },
          {
            "height": "last_height",
            "spawner": [
              {
                "count": 25,
                "radius": 18,
                "speed": 300,
                "types": [
                  "cursed"
                ]
              },
              {
                "count": 35,
                "radius": 15,
                "min_speed": 300,
                "max_speed": 390,
                "types": [
                  "wavering"
                ],
                "speed": null
              },
              {
                "count": 6,
                "radius": 60,
                "min_speed": 300,
                "max_speed": 390,
                "types": [
                  "wavering"
                ],
                "speed": null
              },
              {
                "count": 16,
                "radius": 40,
                "speed": 300,
                "types": [
                  "wall"
                ]
              }
            ],
            "type": "active",
            "width": 2560,
            "x": "last_right",
            "y": 0
          },
          {
            "height": "last_height",
            "type": "safe",
            "width": 256,
            "x": "last_right",
            "y": 0
          },
          {
            "height": "last_height",
            "translate": {
              "x": 160,
              "y": 0
            },
            "type": "exit",
            "width": 64,
            "x": "last_right",
            "y": 0
          }
        ]
      },
      {
        "x": "last_right",
        "y": "last_y",
        "zones": [
          {
            "height": 480,
            "translate": {
              "x": -160,
              "y": 0
            },
            "type": "exit",
            "width": 64,
            "x": 0,
            "y": 0
          },
          {
            "height": "last_height",
            "type": "safe",
            "width": 256,
            "x": "last_right",
            "y": 0
          },
          {
            "height": "last_height",
            "spawner": [
              {
                "count": 80,
                "radius": 12,
                "speed": 360,
                "types": [
                  "expander"
                ]
              },
              {
                "count": 16,
                "radius": 40,
                "speed": 300,
                "types": [
                  "wall"
                ]
              }
            ],
            "type": "active",
            "width": 2560,
            "x": "last_right",
            "y": 0
          },
          {
            "height": "last_height",
            "type": "safe",
            "width": 256,
            "x": "last_right",
            "y": 0
          },
          {
            "height": "last_height",
            "translate": {
              "x": 160,
              "y": 0
            },
            "type": "exit",
            "width": 64,
            "x": "last_right",
            "y": 0
          }
        ]
      },
      {
        "x": "last_right",
        "y": "last_y",
        "zones": [
          {
            "height": 480,
            "translate": {
              "x": -160,
              "y": 0
            },
            "type": "exit",
            "width": 64,
            "x": 0,
            "y": 0
          },
          {
            "height": "last_height",
            "type": "safe",
            "width": 256,
            "x": "last_right",
            "y": 0
          },
          {
            "height": "last_height",
            "spawner": [
              {
                "count": 30,
                "radius": 18,
                "speed": 300,
                "types": [
                  "expander"
                ]
              },
              {
                "count": 25,
                "radius": 24,
                "speed": 240,
                "types": [
                  "expander"
                ]
              },
              {
                "count": 8,
                "radius": 50,
                "speed": 180,
                "types": [
                  "expander"
                ]
              },
              {
                "count": 16,
                "radius": 40,
                "speed": 300,
                "types": [
                  "wall"
                ]
              }
            ],
            "type": "active",
            "width": 2560,
            "x": "last_right",
            "y": 0
          },
          {
            "height": "last_height",
            "type": "safe",
            "width": 256,
            "x": "last_right",
            "y": 0
          },
          {
            "height": "last_height",
            "translate": {
              "x": 160,
              "y": 0
            },
            "type": "exit",
            "width": 64,
            "x": "last_right",
            "y": 0
          }
        ]
      },
      {
        "x": "last_right",
        "y": "last_y",
        "zones": [
          {
            "height": 480,
            "translate": {
              "x": -160,
              "y": 0
            },
            "type": "exit",
            "width": 64,
            "x": 0,
            "y": 0
          },
          {
            "height": "last_height",
            "type": "safe",
            "width": 256,
            "x": "last_right",
            "y": 0
          },
          {
            "height": "last_height",
            "spawner": [
              {
                "count": 65,
                "radius": 18,
                "speed": 300,
                "types": [
                  "expander"
                ]
              },
              {
                "count": 25,
                "radius": 40,
                "speed": 180,
                "types": [
                  "expander"
                ]
              },
              {
                "count": 16,
                "radius": 40,
                "speed": 300,
                "types": [
                  "wall"
                ]
              }
            ],
            "type": "active",
            "width": 2560,
            "x": "last_right",
            "y": 0
          },
          {
            "height": "last_height",
            "type": "safe",
            "width": 256,
            "x": "last_right",
            "y": 0
          },
          {
            "height": "last_height",
            "translate": {
              "x": 160,
              "y": 0
            },
            "type": "exit",
            "width": 64,
            "x": "last_right",
            "y": 0
          }
        ]
      },
      {
        "x": "last_right",
        "y": "last_y",
        "zones": [
          {
            "height": 480,
            "translate": {
              "x": -160,
              "y": 0
            },
            "type": "exit",
            "width": 64,
            "x": 0,
            "y": 0
          },
          {
            "height": "last_height",
            "type": "safe",
            "width": 256,
            "x": "last_right",
            "y": 0
          },
          {
            "height": "last_height",
            "spawner": [
              {
                "count": 64,
                "radius": 12,
                "speed": 180,
                "types": [
                  "expander",
                  "immune"
                ]
              },
              {
                "count": 47,
                "radius": 18,
                "speed": 180,
                "types": [
                  "expander",
                  "immune"
                ]
              },
              {
                "count": 22,
                "radius": 30,
                "speed": 180,
                "types": [
                  "expander",
                  "immune"
                ]
              },
              {
                "count": 15,
                "radius": 12,
                "speed": 180,
                "types": [
                  "silence"
                ]
              },
              {
                "count": 16,
                "radius": 40,
                "speed": 300,
                "types": [
                  "wall"
                ]
              }
            ],
            "type": "active",
            "width": 2560,
            "x": "last_right",
            "y": 0
          },
          {
            "height": "last_height",
            "type": "safe",
            "width": 256,
            "x": "last_right",
            "y": 0
          },
          {
            "height": "last_height",
            "translate": {
              "x": 160,
              "y": 0
            },
            "type": "exit",
            "width": 64,
            "x": "last_right",
            "y": 0
          }
        ]
      },
      {
        "x": "last_right",
        "y": "last_y",
        "zones": [
          {
            "height": 480,
            "translate": {
              "x": -160,
              "y": 0
            },
            "type": "exit",
            "width": 64,
            "x": 0,
            "y": 0
          },
          {
            "height": "last_height",
            "type": "safe",
            "width": 256,
            "x": "last_right",
            "y": 0
          },
          {
            "height": "last_height",
            "spawner": [
              {
                "count": 95,
                "radius": 18,
                "speed": 180,
                "types": [
                  "expander",
                  "immune"
                ]
              },
              {
                "count": 26,
                "radius": 40,
                "speed": 120,
                "types": [
                  "slowing",
                  "silence"
                ]
              },
              {
                "count": 16,
                "radius": 40,
                "speed": 300,
                "types": [
                  "wall"
                ]
              }
            ],
            "type": "active",
            "width": 2560,
            "x": "last_right",
            "y": 0
          },
          {
            "height": "last_height",
            "type": "safe",
            "width": 256,
            "x": "last_right",
            "y": 0
          },
          {
            "height": "last_height",
            "translate": {
              "x": 160,
              "y": 0
            },
            "type": "exit",
            "width": 64,
            "x": "last_right",
            "y": 0
          }
        ]
      },
      {
        "x": "last_right",
        "y": "last_y",
        "zones": [
          {
            "height": 480,
            "translate": {
              "x": -160,
              "y": 0
            },
            "type": "exit",
            "width": 64,
            "x": 0,
            "y": 0
          },
          {
            "height": "last_height",
            "type": "safe",
            "width": 256,
            "x": "last_right",
            "y": 0
          },
          {
            "height": "last_height",
            "spawner": [
              {
                "count": 85,
                "radius": 18,
                "speed": 180,
                "types": [
                  "expander",
                  "cursed"
                ]
              },
              {
                "count": 17,
                "radius": 12,
                "speed": 420,
                "types": [
                  "cursed"
                ]
              },
              {
                "count": 15,
                "radius": 12,
                "speed": 120,
                "types": [
                  "silence"
                ]
              },
              {
                "count": 16,
                "radius": 40,
                "speed": 300,
                "types": [
                  "wall"
                ]
              }
            ],
            "type": "active",
            "width": 2560,
            "x": "last_right",
            "y": 0
          },
          {
            "height": "last_height",
            "type": "safe",
            "width": 256,
            "x": "last_right",
            "y": 0
          },
          {
            "height": "last_height",
            "translate": {
              "x": 160,
              "y": 0
            },
            "type": "exit",
            "width": 64,
            "x": "last_right",
            "y": 0
          }
        ]
      },
      {
        "x": "last_right",
        "y": "last_y",
        "zones": [
          {
            "height": 480,
            "translate": {
              "x": -160,
              "y": 0
            },
            "type": "exit",
            "width": 64,
            "x": 0,
            "y": 0
          },
          {
            "height": "last_height",
            "type": "safe",
            "width": 256,
            "x": "last_right",
            "y": 0
          },
          {
            "height": "last_height",
            "spawner": [
              {
                "count": 150,
                "radius": 18,
                "speed": 120,
                "types": [
                  "immune",
                  "expander"
                ]
              },
              {
                "count": 9,
                "radius": 12,
                "speed": 180,
                "types": [
                  "slowing",
                  "silence"
                ]
              },
              {
                "count": 16,
                "radius": 40,
                "speed": 300,
                "types": [
                  "wall"
                ]
              }
            ],
            "type": "active",
            "width": 2560,
            "x": "last_right",
            "y": 0
          },
          {
            "height": "last_height",
            "type": "safe",
            "width": 256,
            "x": "last_right",
            "y": 0
          },
          {
            "height": "last_height",
            "translate": {
              "x": 160,
              "y": 0
            },
            "type": "exit",
            "width": 64,
            "x": "last_right",
            "y": 0
          }
        ]
      },
      {
        "x": "last_right",
        "y": "last_y",
        "zones": [
          {
            "height": 480,
            "translate": {
              "x": -160,
              "y": 0
            },
            "type": "exit",
            "width": 64,
            "x": 0,
            "y": 0
          },
          {
            "height": "last_height",
            "type": "safe",
            "width": 256,
            "x": "last_right",
            "y": 0
          },
          {
            "height": "last_height",
            "spawner": [
              {
                "count": 115,
                "radius": 12,
                "speed": 300,
                "types": [
                  "expander"
                ]
              },
              {
                "count": 16,
                "radius": 40,
                "speed": 300,
                "types": [
                  "wall"
                ]
              }
            ],
            "type": "active",
            "width": 2560,
            "x": "last_right",
            "y": 0
          },
          {
            "height": "last_height",
            "type": "safe",
            "width": 256,
            "x": "last_right",
            "y": 0
          },
          {
            "height": "last_height",
            "translate": {
              "x": 160,
              "y": 0
            },
            "type": "exit",
            "width": 64,
            "x": "last_right",
            "y": 0
          }
        ]
      },
      {
        "x": "last_right",
        "y": "last_y",
        "zones": [
          {
            "height": 480,
            "translate": {
              "x": -160,
              "y": 0
            },
            "type": "exit",
            "width": 64,
            "x": 0,
            "y": 0
          },
          {
            "height": "last_height",
            "type": "safe",
            "width": 256,
            "x": "last_right",
            "y": 0
          },
          {
            "height": "last_height",
            "spawner": [
              {
                "count": 30,
                "radius": 18,
                "speed": 360,
                "types": [
                  "expander"
                ]
              },
              {
                "count": 60,
                "radius": 12,
                "speed": 300,
                "types": [
                  "expander"
                ]
              },
              {
                "count": 15,
                "radius": 6,
                "speed": 180,
                "types": [
                  "slowing",
                  "silence"
                ]
              },
              {
                "count": 16,
                "radius": 40,
                "speed": 300,
                "types": [
                  "wall"
                ]
              }
            ],
            "type": "active",
            "width": 2560,
            "x": "last_right",
            "y": 0
          },
          {
            "height": "last_height",
            "type": "safe",
            "width": 256,
            "x": "last_right",
            "y": 0
          },
          {
            "height": "last_height",
            "translate": {
              "x": 160,
              "y": 0
            },
            "type": "exit",
            "width": 64,
            "x": "last_right",
            "y": 0
          }
        ]
      },
      {
        "x": "last_right",
        "y": "last_y",
        "boss": true,
        "zones": [
          {
            "height": 480,
            "translate": {
              "x": -160,
              "y": 0
            },
            "type": "exit",
            "width": 64,
            "x": 0,
            "y": 0
          },
          {
            "height": "last_height",
            "type": "safe",
            "width": 256,
            "x": "last_right",
            "y": 0
          },
          {
            "height": "last_height",
            "spawner": [
              {
                "count": 140,
                "radius": 12,
                "speed": 240,
                "types": [
                  "immune"
                ]
              },
              {
                "count": 17,
                "radius": 60,
                "speed": 240,
                "types": [
                  "expander"
                ]
              },
              {
                "count": 16,
                "radius": 40,
                "speed": 600,
                "types": [
                  "wall"
                ]
              }
            ],
            "type": "active",
            "width": 3840,
            "x": "last_right",
            "y": 0
          },
          {
            "height": "last_height",
            "type": "safe",
            "width": 256,
            "x": "last_right",
            "y": 0
          },
          {
            "height": "last_height",
            "translate": {
              "x": 160,
              "y": 0
            },
            "type": "exit",
            "width": 64,
            "x": "last_right",
            "y": 0
          }
        ]
      },
      {
        "x": "last_right",
        "y": "last_y",
        "zones": [
          {
            "height": 480,
            "translate": {
              "x": -160,
              "y": 0
            },
            "type": "exit",
            "width": 64,
            "x": 0,
            "y": 0
          },
          {
            "height": "last_height",
            "type": "safe",
            "width": 256,
            "x": "last_right",
            "y": 0
          },
          {
            "height": "last_height",
            "spawner": [
              {
                "count": 80,
                "radius": 12,
                "speed": 360,
                "types": [
                  "slowing",
                  "silence"
                ]
              },
              {
                "count": 16,
                "radius": 40,
                "speed": 480,
                "types": [
                  "wall"
                ]
              }
            ],
            "type": "active",
            "width": 3840,
            "x": "last_right",
            "y": 0
          },
          {
            "height": "last_height",
            "type": "safe",
            "width": 256,
            "x": "last_right",
            "y": 0
          },
          {
            "height": "last_height",
            "translate": {
              "x": 160,
              "y": 0
            },
            "type": "exit",
            "width": 64,
            "x": "last_right",
            "y": 0
          }
        ]
      },
      {
        "x": "last_right",
        "y": "last_y",
        "zones": [
          {
            "height": 480,
            "translate": {
              "x": -160,
              "y": 0
            },
            "type": "exit",
            "width": 64,
            "x": 0,
            "y": 0
          },
          {
            "height": "last_height",
            "type": "safe",
            "width": 256,
            "x": "last_right",
            "y": 0
          },
          {
            "height": "last_height",
            "spawner": [
              {
                "count": 32,
                "radius": 12,
                "speed": 240,
                "types": [
                  "slowing",
                  "silence"
                ]
              },
              {
                "count": 26,
                "radius": 12,
                "speed": 420,
                "types": [
                  "cursed"
                ]
              },
              {
                "count": 32,
                "radius": 18,
                "speed": 360,
                "types": [
                  "cursed"
                ]
              },
              {
                "count": 16,
                "radius": 40,
                "speed": 480,
                "types": [
                  "wall"
                ]
              }
            ],
            "type": "active",
            "width": 3840,
            "x": "last_right",
            "y": 0
          },
          {
            "height": "last_height",
            "type": "safe",
            "width": 256,
            "x": "last_right",
            "y": 0
          },
          {
            "height": "last_height",
            "translate": {
              "x": 160,
              "y": 0
            },
            "type": "exit",
            "width": 64,
            "x": "last_right",
            "y": 0
          }
        ]
      },
      {
        "x": "last_right",
        "y": "last_y",
        "zones": [
          {
            "height": 480,
            "translate": {
              "x": -160,
              "y": 0
            },
            "type": "exit",
            "width": 64,
            "x": 0,
            "y": 0
          },
          {
            "height": "last_height",
            "type": "safe",
            "width": 256,
            "x": "last_right",
            "y": 0
          },
          {
            "height": "last_height",
            "spawner": [
              {
                "count": 32,
                "radius": 12,
                "speed": 360,
                "types": [
                  "slowing",
                  "silence"
                ]
              },
              {
                "count": 60,
                "radius": 12,
                "speed": 360,
                "types": [
                  "cursed"
                ]
              },
              {
                "count": 16,
                "radius": 36,
                "speed": 240,
                "types": [
                  "cursed"
                ]
              },
              {
                "count": 16,
                "radius": 40,
                "speed": 480,
                "types": [
                  "wall"
                ]
              }
            ],
            "type": "active",
            "width": 3840,
            "x": "last_right",
            "y": 0
          },
          {
            "height": "last_height",
            "type": "safe",
            "width": 256,
            "x": "last_right",
            "y": 0
          },
          {
            "height": "last_height",
            "translate": {
              "x": 160,
              "y": 0
            },
            "type": "exit",
            "width": 64,
            "x": "last_right",
            "y": 0
          }
        ]
      },
      {
        "x": "last_right",
        "y": "last_y",
        "zones": [
          {
            "height": 480,
            "translate": {
              "x": -160,
              "y": 0
            },
            "type": "exit",
            "width": 64,
            "x": 0,
            "y": 0
          },
          {
            "height": "last_height",
            "type": "safe",
            "width": 256,
            "x": "last_right",
            "y": 0
          },
          {
            "height": "last_height",
            "spawner": [
              {
                "count": 15,
                "radius": 12,
                "speed": 300,
                "types": [
                  "slowing",
                  "silence"
                ]
              },
              {
                "count": 80,
                "radius": 12,
                "speed": 420,
                "types": [
                  "immune"
                ]
              },
              {
                "count": 16,
                "radius": 40,
                "speed": 480,
                "types": [
                  "wall"
                ]
              }
            ],
            "type": "active",
            "width": 3840,
            "x": "last_right",
            "y": 0
          },
          {
            "height": "last_height",
            "type": "safe",
            "width": 256,
            "x": "last_right",
            "y": 0
          },
          {
            "height": "last_height",
            "translate": {
              "x": 160,
              "y": 0
            },
            "type": "exit",
            "width": 64,
            "x": "last_right",
            "y": 0
          }
        ]
      },
      {
        "x": "last_right",
        "y": "last_y",
        "zones": [
          {
            "height": 480,
            "translate": {
              "x": -160,
              "y": 0
            },
            "type": "exit",
            "width": 64,
            "x": 0,
            "y": 0
          },
          {
            "height": "last_height",
            "type": "safe",
            "width": 256,
            "x": "last_right",
            "y": 0
          },
          {
            "height": "last_height",
            "spawner": [
              {
                "count": 22,
                "radius": 12,
                "speed": 300,
                "types": [
                  "slowing",
                  "silence"
                ]
              },
              {
                "count": 85,
                "radius": 18,
                "speed": 360,
                "types": [
                  "immune"
                ]
              },
              {
                "count": 16,
                "radius": 40,
                "speed": 480,
                "types": [
                  "wall"
                ]
              }
            ],
            "type": "active",
            "width": 3840,
            "x": "last_right",
            "y": 0
          },
          {
            "height": "last_height",
            "type": "safe",
            "width": 256,
            "x": "last_right",
            "y": 0
          },
          {
            "height": "last_height",
            "translate": {
              "x": 160,
              "y": 0
            },
            "type": "exit",
            "width": 64,
            "x": "last_right",
            "y": 0
          }
        ]
      },
      {
        "x": "last_right",
        "y": "last_y",
        "zones": [
          {
            "height": 480,
            "translate": {
              "x": -160,
              "y": 0
            },
            "type": "exit",
            "width": 64,
            "x": 0,
            "y": 0
          },
          {
            "height": "last_height",
            "type": "safe",
            "width": 256,
            "x": "last_right",
            "y": 0
          },
          {
            "height": "last_height",
            "spawner": [
              {
                "count": 5,
                "radius": 18,
                "speed": 420,
                "types": [
                  "slowing"
                ]
              },
              {
                "count": 17,
                "radius": 18,
                "speed": 420,
                "types": [
                  "silence"
                ]
              },
              {
                "count": 85,
                "radius": 18,
                "speed": 300,
                "types": [
                  "immune",
                  "cursed"
                ]
              },
              {
                "count": 16,
                "radius": 40,
                "speed": 480,
                "types": [
                  "wall"
                ]
              }
            ],
            "type": "active",
            "width": 3840,
            "x": "last_right",
            "y": 0
          },
          {
            "height": "last_height",
            "type": "safe",
            "width": 256,
            "x": "last_right",
            "y": 0
          },
          {
            "height": "last_height",
            "translate": {
              "x": 160,
              "y": 0
            },
            "type": "exit",
            "width": 64,
            "x": "last_right",
            "y": 0
          }
        ]
      },
      {
        "x": "last_right",
        "y": "last_y",
        "zones": [
          {
            "height": 480,
            "translate": {
              "x": -160,
              "y": 0
            },
            "type": "exit",
            "width": 64,
            "x": 0,
            "y": 0
          },
          {
            "height": "last_height",
            "type": "safe",
            "width": 256,
            "x": "last_right",
            "y": 0
          },
          {
            "height": "last_height",
            "spawner": [
              {
                "count": 22,
                "radius": 12,
                "speed": 420,
                "types": [
                  "slowing"
                ]
              },
              {
                "count": 22,
                "radius": 12,
                "speed": 420,
                "types": [
                  "silence"
                ]
              },
              {
                "count": 51,
                "radius": 12,
                "speed": 300,
                "types": [
                  "immune"
                ]
              },
              {
                "count": 16,
                "radius": 40,
                "speed": 480,
                "types": [
                  "wall"
                ]
              }
            ],
            "type": "active",
            "width": 3840,
            "x": "last_right",
            "y": 0
          },
          {
            "height": "last_height",
            "type": "safe",
            "width": 256,
            "x": "last_right",
            "y": 0
          },
          {
            "height": "last_height",
            "translate": {
              "x": 160,
              "y": 0
            },
            "type": "exit",
            "width": 64,
            "x": "last_right",
            "y": 0
          }
        ]
      },
      {
        "x": "last_right",
        "y": "last_y",
        "zones": [
          {
            "height": 480,
            "translate": {
              "x": -160,
              "y": 0
            },
            "type": "exit",
            "width": 64,
            "x": 0,
            "y": 0
          },
          {
            "height": "last_height",
            "type": "safe",
            "width": 256,
            "x": "last_right",
            "y": 0
          },
          {
            "height": "last_height",
            "spawner": [
              {
                "count": 15,
                "radius": 12,
                "speed": 300,
                "types": [
                  "slowing"
                ]
              },
              {
                "count": 16,
                "radius": 12,
                "speed": 300,
                "types": [
                  "silence"
                ]
              },
              {
                "count": 60,
                "radius": 40,
                "speed": 240,
                "types": [
                  "immune"
                ]
              },
              {
                "count": 16,
                "radius": 40,
                "speed": 480,
                "types": [
                  "wall"
                ]
              }
            ],
            "type": "active",
            "width": 3840,
            "x": "last_right",
            "y": 0
          },
          {
            "height": "last_height",
            "type": "safe",
            "width": 256,
            "x": "last_right",
            "y": 0
          },
          {
            "height": "last_height",
            "translate": {
              "x": 160,
              "y": 0
            },
            "type": "exit",
            "width": 64,
            "x": "last_right",
            "y": 0
          }
        ]
      },
      {
        "x": "last_right",
        "y": "last_y",
        "zones": [
          {
            "height": 480,
            "translate": {
              "x": -160,
              "y": 0
            },
            "type": "exit",
            "width": 64,
            "x": 0,
            "y": 0
          },
          {
            "height": "last_height",
            "type": "safe",
            "width": 256,
            "x": "last_right",
            "y": 0
          },
          {
            "height": "last_height",
            "spawner": [
              {
                "count": 15,
                "radius": 12,
                "speed": 540,
                "types": [
                  "slowing"
                ]
              },
              {
                "count": 12,
                "radius": 12,
                "speed": 540,
                "types": [
                  "silence"
                ]
              },
              {
                "count": 40,
                "radius": 30,
                "speed": 360,
                "types": [
                  "immune"
                ]
              },
              {
                "count": 16,
                "radius": 40,
                "speed": 480,
                "types": [
                  "wall"
                ]
              }
            ],
            "type": "active",
            "width": 3840,
            "x": "last_right",
            "y": 0
          },
          {
            "height": "last_height",
            "type": "safe",
            "width": 256,
            "x": "last_right",
            "y": 0
          },
          {
            "height": "last_height",
            "translate": {
              "x": 160,
              "y": 0
            },
            "type": "exit",
            "width": 64,
            "x": "last_right",
            "y": 0
          }
        ]
      },
      {
        "x": "last_right",
        "y": "last_y",
        "boss": true,
        "properties": {
          "death_timer": 20000
        },
        "zones": [
          {
            "height": 480,
            "translate": {
              "x": -160,
              "y": 0
            },
            "type": "exit",
            "width": 64,
            "x": 0,
            "y": 0
          },
          {
            "height": "last_height",
            "type": "safe",
            "width": 256,
            "x": "last_right",
            "y": 0
          },
          {
            "height": "last_height",
            "spawner": [
              {
                "count": 26,
                "radius": 12,
                "speed": 420,
                "types": [
                  "slowing"
                ]
              },
              {
                "count": 80,
                "radius": 12,
                "speed": 420,
                "types": [
                  "immune"
                ]
              },
              {
                "count": 16,
                "radius": 40,
                "speed": 780,
                "types": [
                  "wall"
                ]
              }
            ],
            "type": "active",
            "width": 3840,
            "x": "last_right",
            "y": 0
          },
          {
            "height": "last_height",
            "type": "safe",
            "width": 256,
            "x": "last_right",
            "y": 0
          },
          {
            "height": "last_height",
            "translate": {
              "x": 160,
              "y": 0
            },
            "type": "exit",
            "width": 64,
            "x": "last_right",
            "y": 0
          }
        ]
      },
      {
        "x": "last_right",
        "y": "last_y",
        "zones": [
          {
            "height": 480,
            "translate": {
              "x": -160,
              "y": 0
            },
            "type": "exit",
            "width": 64,
            "x": 0,
            "y": 0
          },
          {
            "height": "last_height",
            "type": "victory",
            "width": 2976,
            "x": 64,
            "y": 0
          },
          {
            "height": "last_height",
            "type": "removal",
            "width": 160,
            "x": 3040,
            "y": 0
          }
        ]
      }
    ]
  }